temp,delta_t,PERF_COUNT_HW_CPU_CYCLES,PERF_COUNT_HW_INSTRUCTIONS,PERF_COUNT_HW_CACHE_MISSES,PERF_COUNT_HW_BRANCH_MISSES,PERF_COUNT_HW_BRANCH_INSTRUCTIONS,PERF_COUNT_HW_CACHE_LL_read_miss,PERF_COUNT_HW_CACHE_L1D_read_miss
54768,114.558767,272000468094,221725336879,128641,159740731,27536313088,104922,128643
69832,2.693475,6707516354,5468428764,5000,4125390,679040856,4988,5000
70370,1.003346,2689065184,2194915391,3931,2357025,272225522,3031,3931
69832,1.003364,2703711303,2190942178,70521,2388560,271745947,70146,70521
70908,1.004177,2108036209,1703235761,81285,2162360,211161652,77547,81291
67142,3.097269,2106603066,1703052641,78565,2141663,211121031,76030,78561
66604,1.007713,2106608816,1703052744,79002,2142104,211121034,76109,79004
65528,0.655086,2106728343,1703066187,79426,2142751,211122641,77511,79426
