temp,delta_t,PERF_COUNT_HW_CPU_CYCLES,PERF_COUNT_HW_INSTRUCTIONS,PERF_COUNT_HW_CACHE_MISSES,PERF_COUNT_HW_BRANCH_MISSES,PERF_COUNT_HW_BRANCH_INSTRUCTIONS,PERF_COUNT_HW_CACHE_LL_read_miss,PERF_COUNT_HW_CACHE_L1D_read_miss
53692,1.002007,1447569461,1270193585,45237,27349961,145439859,34042,45240
56920,1.487346,1757010165,1426930492,6033,794397,177359223,4109,6037
56920,5.214964,6247181987,5087697304,917,2700871,632255376,1769,918
58534,1.743720,2089174921,1701147812,1078,906840,211406889,1604,1080
59072,5.167316,6092721345,4948380966,31257,2709455,615007552,29133,31259
58534,1.375125,1640313815,1334905673,3339,720393,165905140,3727,3340
57996,1.000656,1189079652,966292419,10719,531021,120098182,10754,10725
58534,1.000639,1188943634,966714464,6713,528147,120144798,6741,6715
